{
  "source_files": [
    "train.csv",
    "store.csv"
  ],
  "output_shape": [
    1017209,
    36
  ],
  "date_range": [
    "2013-01-01 00:00:00",
    "2015-07-31 00:00:00"
  ],
  "unique_stores": 1115,
  "feature_groups": {
    "time_features": [
      "Year",
      "Month",
      "WeekOfYear",
      "DayOfWeek",
      "IsMonthEnd",
      "IsQuarterEnd"
    ],
    "competition_features": [
      "CompetitionDistance",
      "CompDist_missing",
      "DCI"
    ],
    "promotion_features": [
      "Promo",
      "Promo2",
      "IsPromoMonth",
      "Promo2SinceWeek",
      "Promo2SinceYear"
    ],
    "lag_features": [
      "Sales_lag7",
      "Sales_lag14",
      "Sales_lag28"
    ],
    "rolling_features": [
      "Sales_rollmean7",
      "Sales_rollmean28"
    ],
    "other_features": [
      "Open",
      "SchoolHoliday",
      "StateHoliday",
      "StoreType",
      "Assortment"
    ]
  },
  "temporal_split_configured": "2015-06-01",
  "memory_optimization": "Downcasted 12 float64 columns to float32"
}