day,date,ts_reward,oracle_reward,ts_cumulative,oracle_cumulative,n_candidates,n_selected,daily_efficiency,cumulative_gap
1,2013-06-04,3197.6802848372595,3047.7849263025832,3197.6802848372595,3047.7849263025832,8,8,1.0491817376091959,149.89535853467623
2,2013-06-05,35325.85677608109,39886.439698900496,38523.53706091835,42934.22462520308,265,100,0.8856608171286563,-4410.68756428473
3,2013-06-06,3079.604471159553,3213.871100864425,41603.141532077905,46148.095726067506,11,11,0.9582227707673906,-4544.954193989601
4,2013-06-07,35213.24603976512,40302.22483484359,76816.38757184302,86450.32056091109,429,100,0.8737295815322148,-9633.932989068067
5,2013-06-10,36355.72684793692,40707.10716591039,113172.11441977994,127157.42772682148,294,100,0.8931051449999013,-13985.313307041535
6,2013-06-11,37731.89536040634,39455.472579609814,150904.0097801863,166612.9003064313,165,100,0.9563158896215022,-15708.890526244999
7,2013-06-12,16308.849759246134,17376.237510394087,167212.85953943242,183989.13781682536,43,43,0.9385719865701959,-16776.278277392936
8,2013-06-13,38897.52881246267,43154.60615367367,206110.3883518951,227143.74397049902,144,100,0.9013528862700881,-21033.355618603935
9,2013-06-14,15396.583727752311,14539.844632647073,221506.9720796474,241683.58860314608,40,40,1.0589235385075269,-20176.61652349867
10,2013-06-24,37926.103983046974,46521.69116938224,259433.0760626944,288205.27977252833,494,100,0.8152348513075475,-28772.203709833935
11,2013-06-25,39607.25679008689,44870.46042863015,299040.3328527813,333075.74020115845,229,100,0.882702259164138,-34035.407348377164
12,2013-06-26,30332.121870672978,28929.126481699448,329372.45472345426,362004.8666828579,74,74,1.0484976755126383,-32632.41195940366
13,2013-06-27,41269.16620152784,44500.443603969965,370641.6209249821,406505.31028682785,159,100,0.9273877485087844,-35863.689361845725
14,2013-06-28,47459.161068371715,54470.09297695787,418100.78199335386,460975.4032637857,686,100,0.8712884167179236,-42874.621270431846
15,2013-07-08,31629.904985823574,36560.70211668927,449730.6869791774,497536.10538047494,302,100,0.8651339595413602,-47805.41840129753
16,2013-07-09,35150.932687815664,40241.76056510747,484881.6196669931,537777.8659455824,254,100,0.8734939076769439,-52896.2462785893
17,2013-07-10,39091.946317344045,43590.12913210844,523973.5659843371,581367.9950776908,265,100,0.8968073069677823,-57394.42909335368
18,2013-07-11,44378.51641083907,51177.818123464196,568352.0823951762,632545.813201155,510,100,0.8671435797395247,-64193.73080597888
19,2013-07-12,43790.95403759272,55019.024511843614,612143.0364327689,687564.8377129986,536,100,0.7959238540873458,-75421.8012802297
20,2013-07-15,311.58235064858644,299.40018163430074,612454.6187834175,687864.237894633,1,1,1.0406885825779675,-75409.61911121546
21,2013-07-17,241.92656810910358,205.33284374672206,612696.5453515266,688069.5707383797,1,1,1.178216615007387,-75373.02538685314
22,2013-07-18,607.6810036140575,534.8669591676935,613304.2263551407,688604.4376975474,2,2,1.1361348709213035,-75300.21134240669
23,2013-07-22,35732.19644508011,41480.81734347614,649036.4228002208,730085.2550410235,445,100,0.8614149559591515,-81048.8322408027
24,2013-07-23,38060.94737932769,44693.79025036386,687097.3701795485,774779.0452913874,362,100,0.8515936367472846,-87681.67511183885
25,2013-07-24,42356.09216148983,48891.019223454656,729453.4623410384,823670.064514842,341,100,0.8663368617435203,-94216.6021738036
26,2013-07-25,46519.58603282308,54559.87670466781,775973.0483738615,878229.9412195098,464,100,0.8526336356042965,-102256.89284564834
27,2013-07-26,50776.51851415321,59322.8688127104,826749.5668880147,937552.8100322202,742,100,0.8559349797202311,-110803.24314420554
28,2013-08-01,343.1929607424309,182.07476518197285,827092.7598487571,937734.8847974022,1,1,1.8849012953521045,-110642.12494864513
29,2013-08-05,30855.950720460867,34005.37588700294,857948.7105692179,971740.2606844051,200,100,0.9073844918813027,-113791.55011518719
30,2013-08-06,36589.31552127519,40861.16666679307,894538.0260904931,1012601.4273511982,314,100,0.8954544988802409,-118063.40126070508
31,2013-08-07,43164.68452038277,48175.47787823043,937702.7106108759,1060776.9052294286,587,100,0.8959887150364534,-123074.19461855269
32,2013-08-08,46471.26437067325,52181.694415359736,984173.9749815491,1112958.5996447883,497,100,0.8905664120595207,-128784.62466323923
33,2013-08-09,46927.21668055537,54251.184142154605,1031101.1916621045,1167209.783786943,489,100,0.86499893822763,-136108.5921248385
34,2013-08-12,5681.147985537569,6004.155741643584,1036782.339647642,1173213.9395285866,20,20,0.9462026353071257,-136431.5998809446
35,2013-08-13,1385.0548503567397,1526.9504565029695,1038167.3944979988,1174740.8899850897,5,5,0.9070725539640626,-136573.4954870909
36,2013-08-15,343.37913882882214,282.8719659276223,1038510.7736368276,1175023.7619510172,1,1,1.213903038085724,-136512.9883141896
37,2013-08-19,36687.55386550618,42295.590894148445,1075198.3275023338,1217319.3528451656,463,100,0.8674084718977616,-142121.02534283185
38,2013-08-20,42164.51856009714,46058.71631421437,1117362.8460624309,1263378.06915938,462,100,0.9154514483740523,-146015.22309694905
39,2013-08-21,46619.39971947561,51170.03873538639,1163982.2457819064,1314548.1078947664,495,100,0.9110682905783338,-150565.86211285996
40,2013-08-22,48832.75182576497,53957.54183078299,1212814.9976076714,1368505.6497255494,462,100,0.9050218036045833,-155690.65211787797
41,2013-08-23,52147.69515807068,57055.081491808436,1264962.692765742,1425560.7312173578,671,100,0.9139886193232004,-160598.03845161572
42,2013-08-26,1007.5200692800387,1040.3161733421182,1265970.212835022,1426601.0473906999,3,3,0.968474868600073,-160630.83455567784
43,2013-08-27,280.1249119223049,379.79074085378255,1266250.3377469443,1426980.8381315537,1,1,0.7375769911940836,-160730.50038460945
44,2013-08-30,774.5264367537185,1039.5301816062029,1267024.864183698,1428020.36831316,2,2,0.7450735442399365,-160995.50412946194
45,2013-09-02,34512.448745245085,38089.30248061298,1301537.3129289432,1466109.670793773,283,100,0.9060929578012494,-164572.3578648297
46,2013-09-03,37911.45547904515,37048.849491825626,1339448.7684079884,1503158.5202855985,125,100,1.023282935881986,-163709.7518776101
47,2013-09-04,32351.283780834125,32679.5652926033,1371800.0521888225,1535838.0855782018,85,85,0.989954532478329,-164038.03338937927
48,2013-09-05,42081.68435192128,43644.16163035335,1413881.7365407438,1579482.2472085552,212,100,0.9641996267068763,-165600.51066781138
49,2013-09-06,50144.12036888477,56350.36209066441,1464025.8569096287,1635832.6092992197,783,100,0.8898633213430969,-171806.75238959095
50,2013-09-09,1766.3571466405692,1806.9320392890186,1465792.2140562693,1637639.5413385087,5,5,0.9775448706613147,-171847.32728223945
51,2013-09-10,903.6895481286587,983.1361560407166,1466695.903604398,1638622.6774945494,3,3,0.9191906355758442,-171926.7738901514
52,2013-09-11,598.3919775728305,434.00463583710416,1467294.2955819708,1639056.6821303866,2,2,1.3787686309356062,-171762.38654841576
53,2013-09-16,35022.341441958284,39116.26202981377,1502316.637023929,1678172.9441602004,409,100,0.8953396777857975,-175856.30713627138
54,2013-09-17,40486.94727674001,43890.77994473455,1542803.5843006691,1722063.724104935,333,100,0.922447660481757,-179260.13980426593
55,2013-09-18,43445.27594442787,48737.47281278541,1586248.860245097,1770801.1969177204,351,100,0.8914142124544212,-184552.3366726234
56,2013-09-19,50717.73950430319,52730.82309263689,1636966.5997494,1823532.0200103573,545,100,0.9618233991000454,-186565.4202609572
57,2013-09-20,52994.85381732021,59542.440038693,1689961.4535667202,1883074.4600490502,839,100,0.8900349697271742,-193113.00648232992
58,2013-09-23,301.1961197505976,253.35556039331283,1690262.6496864709,1883327.8156094435,1,1,1.188827745809156,-193065.1659229726
59,2013-09-24,236.33701875977175,170.8991054488779,1690498.9867052305,1883498.7147148924,1,1,1.3829037790397838,-192999.7280096619
60,2013-09-26,391.6275045956419,293.1099740282101,1690890.614209826,1883791.8246889208,1,1,1.3361111504105625,-192901.21047909465
61,2013-09-30,37364.9003961646,41095.370913678555,1728255.5146059906,1924887.1956025993,302,100,0.9092240698995061,-196631.6809966087
62,2013-10-01,34516.67139939431,34190.637789258166,1762772.186005385,1959077.8333918576,97,97,1.0095357568977137,-196305.64738647267
63,2013-10-02,17972.589219294325,17584.763908966288,1780744.7752246791,1976662.5973008238,46,46,1.0220546213947341,-195917.82207614463
64,2013-10-03,523.841801987802,618.6645921330924,1781268.6170266669,1977281.261892957,2,2,0.8467298899095695,-196012.64486629004
65,2013-10-04,55482.28341051026,60925.98780984677,1836750.9004371772,2038207.2497028038,852,100,0.9106505352637597,-201456.34926562663
66,2013-10-07,43891.54252657155,43005.87429465543,1880642.4429637487,2081213.1239974592,111,100,1.0205941222319528,-200570.68103371048
67,2013-10-08,7068.7956287580355,6999.2499647524555,1887711.2385925069,2088212.3739622117,21,21,1.0099361594964897,-200501.1353697048
68,2013-10-09,16825.93036747198,16491.96281034126,1904537.1689599787,2104704.3367725527,46,46,1.0202503219884358,-200167.16781257396
69,2013-10-10,457.1595752454813,395.025325084133,1904994.3285352243,2105099.362097637,2,2,1.157291814513702,-200105.0335624125
70,2013-10-11,6691.095367263548,6825.673292486369,1911685.4239024878,2111925.0353901233,22,22,0.9802835677220351,-200239.6114876354
71,2013-10-14,34941.24378814579,40174.84779919521,1946626.6676906336,2152099.8831893187,450,100,0.8697293381867084,-205473.21549868514
72,2013-10-15,41582.84436337859,42948.625560137174,1988209.5120540122,2195048.5087494557,325,100,0.9681996529819982,-206838.99669544352
73,2013-10-16,42726.73359578617,47026.82320935652,2030936.2456497983,2242075.331958812,232,100,0.9085609165129659,-211139.0863090139
74,2013-10-17,45589.31596246683,48567.377938506914,2076525.5616122652,2290642.7098973193,270,100,0.9386818456658146,-214117.14828505414
75,2013-10-18,49089.06819662186,51028.940603973715,2125614.629808887,2341671.650501293,417,100,0.9619848583099765,-216057.02069240622
76,2013-10-22,827.2522916707653,779.3595152995541,2126441.8821005574,2342451.0100165927,3,3,1.061451455241171,-216009.12791603524
77,2013-10-23,328.5653950098782,194.72530156035373,2126770.447495567,2342645.735318153,1,1,1.6873276989536037,-215875.28782258602
78,2013-10-25,529.3940472058896,525.0084032338805,2127299.841542773,2343170.743721387,2,2,1.0083534738586943,-215870.90217861393
79,2013-10-28,42220.91716242788,46649.78525071887,2169520.7587052006,2389820.5289721056,536,100,0.9050613402722418,-220299.77026690496
80,2013-10-29,45639.83424479814,47496.42729927653,2215160.5929499986,2437316.956271382,274,100,0.9609108903543431,-222156.36332138348
81,2013-10-30,46610.1438003056,50895.76482235797,2261770.7367503042,2488212.72109374,253,100,0.9157961170834054,-226441.98434343562
82,2013-10-31,53286.06233863164,62827.81368190429,2315056.799088936,2551040.534775644,392,100,0.8481285471497971,-235983.73568670824
83,2013-11-01,47972.768281090124,55297.552448041795,2363029.567370026,2606338.087223686,197,100,0.8675387274358278,-243308.5198536599
84,2013-11-04,66619.89395680791,73205.30709239846,2429649.461326834,2679543.394316084,933,100,0.9100418617562992,-249893.9329892504
85,2013-11-05,69094.05124450341,74023.11344952861,2498743.512571337,2753566.507765613,1072,100,0.9334118496868414,-254822.99519427586
86,2013-11-06,68586.04516532725,75856.55949957042,2567329.5577366645,2829423.0672651837,1062,100,0.9041544411952358,-262093.50952851912
87,2013-11-07,69420.17758689809,72268.98414285129,2636749.7353235628,2901692.0514080347,871,100,0.9605805091943443,-264942.316084472
88,2013-11-08,68829.99525719452,74941.75910451086,2705579.7305807574,2976633.8105125455,1053,100,0.9184464853728198,-271054.07993178815
89,2013-11-11,44705.222397424506,44899.31440601351,2750284.9529781817,3021533.124918559,103,100,0.9956771721092693,-271248.17194037745
90,2013-11-12,47231.76544838323,47616.88604324589,2797516.7184265647,3069150.010961805,142,100,0.9919121003731136,-271633.2925352403
91,2013-11-13,63484.71639241882,65316.11178362067,2861001.4348189835,3134466.1227454254,544,100,0.9719610469577721,-273464.6879264419
92,2013-11-14,66717.19836642354,70594.15077648815,2927718.633185407,3205060.2735219137,742,100,0.9450811098735413,-277341.64033650653
93,2013-11-15,62364.16782239754,64357.12758631492,2990082.8010078045,3269417.4011082286,526,100,0.9690328043114658,-279334.60010042414
94,2013-11-18,69102.77686255846,74296.29746684778,3059185.577870363,3343713.698575076,1021,100,0.930097181402522,-284528.1207047133
95,2013-11-19,71830.07348189842,73385.04260930771,3131015.651352261,3417098.741184384,919,100,0.9788108165898637,-286083.0898321229
96,2013-11-20,72195.76567157681,73194.43729554283,3203211.417023838,3490293.178479927,987,100,0.9863559081691741,-287081.7614560891
97,2013-11-21,70529.29228138206,74656.2230301244,3273740.7093052203,3564949.4015100515,1081,100,0.9447208741449847,-291208.69220483117
98,2013-11-22,70737.2584238585,74493.63508785382,3344477.9677290786,3639443.036597905,1098,100,0.949574528621603,-294965.0688688266
99,2013-11-25,40501.6868847827,40080.28889950115,3384979.6546138613,3679523.3254974065,87,87,1.0105138460039091,-294543.6708835452
100,2013-11-26,50792.505645355246,53133.7547351624,3435772.1602592166,3732657.080232569,206,100,0.9559366903115208,-296884.91997335246
101,2013-11-27,64710.776366458165,66427.0188738943,3500482.936625675,3799084.099106463,468,100,0.9741634874403402,-298601.1624807883
102,2013-11-28,57952.38483984309,60842.900021995585,3558435.321465518,3859926.9991284586,397,100,0.9524921530514238,-301491.6776629407
103,2013-11-29,64629.514333767904,67944.3138141794,3623064.8357992857,3927871.312942638,455,100,0.9512129964329741,-304806.4771433524
104,2013-12-02,69670.91280869847,76502.42301645018,3692735.7486079843,4004373.7359590884,997,100,0.9107020413421058,-311637.98735110415
105,2013-12-03,69139.14660842846,75239.05147210158,3761874.895216413,4079612.78743119,975,100,0.9189263455037715,-317737.89221477695
106,2013-12-04,69813.88990648562,76316.21678692603,3831688.7851228984,4155929.004218116,1078,100,0.9147975731213874,-324240.21909521753
107,2013-12-05,70187.68618660147,73937.62008230132,3901876.4713095,4229866.6243004175,1090,100,0.9492824641701243,-327990.1529909177
108,2013-12-06,70760.51519694978,75450.78293931785,3972636.9865064495,4305317.407239735,1050,100,0.9378367253506134,-332680.4207332856
109,2013-12-09,46276.1934354526,45336.36580665967,4018913.179941902,4350653.773046395,74,74,1.0207301051169584,-331740.5931044929
110,2013-12-10,43187.3324358545,42792.292069019495,4062100.5123777566,4393446.065115415,84,84,1.0092315776448209,-331345.5527376579
111,2013-12-11,47674.48959298016,45723.84490683505,4109775.001970737,4439169.910022249,109,100,1.0426614316910499,-329394.90805151267
112,2013-12-12,58785.73499372251,59151.54111348144,4168560.736964459,4498321.451135731,142,100,0.993815780402794,-329760.71417127224
113,2013-12-13,70621.57419758069,74921.07447716428,4239182.31116204,4573242.525612895,908,100,0.9426129388881888,-334060.21445085574
114,2013-12-16,70968.45057508013,75630.702328729,4310150.761737119,4648873.227941625,1008,100,0.9383550382305801,-338722.4662045054
115,2013-12-17,72117.45423329901,75574.90744952174,4382268.215970418,4724448.135391147,914,100,0.9542513073068327,-342179.91942072846
116,2013-12-18,72556.40387010483,73638.92296402002,4454824.619840523,4798087.058355167,982,100,0.9852996343463074,-343262.43851464335
117,2013-12-19,73079.83126121432,75616.70688184263,4527904.451101737,4873703.765237009,954,100,0.9664508582132201,-345799.31413527206
118,2013-12-20,70837.02011847832,73569.76037802295,4598741.471220216,4947273.525615032,1098,100,0.9628551153965568,-348532.05439481605
119,2013-12-23,49152.10946010389,48655.4101411637,4647893.58068032,4995928.935756195,72,72,1.0102085116022888,-348035.3550758753
120,2013-12-24,58280.726239710675,58679.866307411154,4706174.306920031,5054608.802063607,170,100,0.9931980065256204,-348434.4951435756
121,2013-12-25,5892.938161082727,5593.740390149401,4712067.245081114,5060202.542453756,12,12,1.05348796155435,-348135.297372642
122,2013-12-26,7251.001122194983,6687.12876152366,4719318.246203309,5066889.671215279,13,13,1.0843220432535599,-347571.4250119701
123,2013-12-27,45131.12256233244,45171.2063633962,4764449.368765641,5112060.877578675,63,63,0.9991126249597744,-347611.5088130338
124,2013-12-30,73643.44963859934,75067.50021562689,4838092.8184042405,5187128.377794302,1060,100,0.9810297322684643,-349035.55939006153
125,2013-12-31,70483.92557764065,75503.98207163457,4908576.743981881,5262632.359865936,1094,100,0.9335126922281909,-354055.6158840554
126,2014-01-01,6590.195615468711,6601.523760611539,4915166.93959735,5269233.883626548,14,14,0.9982840105476227,-354066.944029198
127,2014-01-02,73941.96320391099,74324.34315218191,4989108.90280126,5343558.22677873,1108,100,0.9948552529083508,-354449.32397746947
128,2014-01-03,72825.19253415124,76041.99179616026,5061934.095335412,5419600.21857489,1110,100,0.9576970672910299,-357666.1232394781
129,2014-01-06,70350.5678925008,69995.02256852716,5132284.663227913,5489595.241143418,617,100,1.0050795801033645,-357310.5779155046
130,2014-01-07,61911.59535821484,65669.95819069228,5194196.258586128,5555265.19933411,831,100,0.9427689169290482,-361068.9407479819
131,2014-01-08,69686.71591699327,73118.51503654357,5263882.974503121,5628383.714370654,1101,100,0.9530652514231842,-364500.7398675326
132,2014-01-09,70292.18807763194,74769.05267564644,5334175.162580754,5703152.767046301,1105,100,0.9401240962964256,-368977.604465547
133,2014-01-10,56175.82216068727,59123.41289152385,5390350.984741441,5762276.179937825,554,100,0.9501451187155815,-371925.19519638363
134,2014-01-11,10717.228187706212,11402.652065167998,5401068.212929147,5773678.832002993,15,15,0.9398890825095357,-372610.61907384545
135,2014-01-12,1202.9680396462732,1016.4610839420952,5402271.180968793,5774695.293086935,2,2,1.1834865679076039,-372424.1121181417
136,2014-01-13,69307.00886409657,71210.69628920495,5471578.1898328895,5845905.98937614,648,100,0.9732668331541512,-374327.79954325035
137,2014-01-14,46979.18338210239,48028.574576870466,5518557.373214992,5893934.56395301,127,100,0.978150690416837,-375377.1907380186
138,2014-01-15,44749.68124361826,46335.33457689803,5563307.05445861,5940269.898529909,278,100,0.9657787442831944,-376962.84407129884
139,2014-01-16,70951.28514750728,75350.82135859157,5634258.339606117,6015620.7198885,674,100,0.9416126310004365,-381362.3802823825
140,2014-01-17,70888.90943102291,70392.20654946996,5705147.24903714,6086012.92643797,322,100,1.0070562197990467,-380865.6774008302
141,2014-01-20,69557.84300780049,71811.975862946,5774705.09204494,6157824.902300917,440,100,0.9686106275720981,-383119.8102559764
142,2014-01-21,54450.71145452865,56375.39507982724,5829155.803499469,6214200.297380744,145,100,0.9658595097635547,-385044.49388127495
143,2014-01-22,58991.722716327095,60351.780201791116,5888147.526215795,6274552.077582534,248,100,0.9774645009489934,-386404.551366739
144,2014-01-23,58772.632888899316,60845.268777075325,5946920.159104695,6335397.34635961,318,100,0.9659359564049306,-388477.187254915
145,2014-01-24,67110.10339707142,66470.87914600407,6014030.262501766,6401868.225505614,358,100,1.0096166059375158,-387837.96300384775
146,2014-01-27,71431.82370635666,73769.83778499006,6085462.086208123,6475638.063290603,685,100,0.9683066392873496,-390175.9770824807
147,2014-01-28,73084.75140595122,73908.85980897449,6158546.837614074,6549546.923099578,746,100,0.9888496669390751,-391000.085485504
148,2014-01-29,73178.26858513828,76532.1972794902,6231725.106199212,6626079.120379069,899,100,0.9561762393662422,-394354.0141798565
149,2014-01-30,72161.10802628814,75204.23938972331,6303886.214225501,6701283.359768792,834,100,0.9595351088166046,-397397.14554329123
150,2014-01-31,73269.00948423381,74535.7269998955,6377155.223709735,6775819.086768688,752,100,0.983005230288242,-398663.8630589526
151,2014-02-03,58488.44649347575,60460.80969701907,6435643.670203211,6836279.896465707,153,100,0.9673778235285433,-400636.22626249585
152,2014-02-04,65051.038254164705,67495.54589928468,6500694.708457376,6903775.442364992,344,100,0.9637826820636785,-403080.73390761577
153,2014-02-05,67166.67220864851,68165.59785797636,6567861.380666024,6971941.040222968,417,100,0.985345604223862,-404079.6595569439
154,2014-02-06,73343.94563024542,73830.95272707794,6641205.32629627,7045771.9929500455,734,100,0.9934037544032138,-404566.6666537756
155,2014-02-07,72631.47178214024,75182.08869167954,6713836.79807841,7120954.081641725,1067,100,0.9660741414088755,-407117.28356331494
156,2014-02-10,71851.7133720375,76457.25928490196,6785688.511450448,7197411.340926628,822,100,0.9397631309840331,-411722.82947617956
157,2014-02-11,71814.8057679672,74959.33079280028,6857503.317218415,7272370.671719428,754,100,0.9580502521624019,-414867.3545010127
158,2014-02-12,72666.49035346591,73178.51028185403,6930169.807571881,7345549.182001282,931,100,0.9930031381287208,-415379.374429401
159,2014-02-13,72572.46437452945,75402.55434204369,7002742.271946411,7420951.736343326,882,100,0.9624669218143952,-418209.4643969154
160,2014-02-14,71287.03181098487,75017.94188043785,7074029.303757396,7495969.678223764,1019,100,0.950266429924201,-421940.374466368
161,2014-02-17,72685.60884897938,75282.18687690311,7146714.912606375,7571251.865100667,497,100,0.965508732734219,-424536.9524942916
162,2014-02-18,73989.6948649428,71697.07119506961,7220704.607471318,7642948.936295737,347,100,1.031976531700096,-422244.3288244186
163,2014-02-19,72305.22571394246,76108.04317356687,7293009.83318526,7719056.979469303,557,100,0.9500339609185332,-426047.14628404286
164,2014-02-20,71886.81672122596,72164.99695516269,7364896.649906486,7791221.976424466,654,100,0.9961452193490763,-426325.3265179796
165,2014-02-21,72949.20594617783,75327.0011690947,7437845.855852664,7866548.977593561,1030,100,0.9684336932837778,-428703.12174089625
166,2014-02-24,73639.82276202446,73155.54272025396,7511485.678614689,7939704.520313814,800,100,1.006619868075101,-428218.84169912525
167,2014-02-25,74403.73912596738,75242.60165632475,7585889.417740656,8014947.121970139,882,100,0.9888512290658298,-429057.7042294834
168,2014-02-26,71395.01998049735,74639.49478653073,7657284.437721154,8089586.61675667,1003,100,0.9565313937974448,-432302.17903551646
169,2014-02-27,72736.77534614159,73094.93547042202,7730021.213067295,8162681.552227092,966,100,0.9951000692185389,-432660.33915979695
170,2014-02-28,73341.19929021303,74777.74836105849,7803362.412357508,8237459.3005881505,994,100,0.980789083620047,-434096.8882306423
171,2014-03-03,62195.69301054378,61640.4878418447,7865558.105368052,8299099.788429995,135,100,1.009007150789001,-433541.6830619434
172,2014-03-04,56759.36719681086,56757.34016528736,7922317.472564862,8355857.128595282,219,100,1.00003571399783,-433539.6560304202
173,2014-03-05,66209.00006419323,67220.57977055213,7988526.472629055,8423077.708365835,418,100,0.9849513391611352,-434551.23573677987
174,2014-03-06,67773.09330311057,68677.07098524435,8056299.565932166,8491754.77935108,477,100,0.98683727088,-435455.213418914
175,2014-03-07,72803.40168499095,75548.26257881767,8129102.967617157,8567303.041929897,1044,100,0.963667451770144,-438200.07431274
176,2014-03-10,73530.89606109461,73396.14999225552,8202633.863678251,8640699.191922152,399,100,1.0018358738006463,-438065.328243901
177,2014-03-11,71160.0651659397,72258.16205020898,8273793.928844191,8712957.35397236,531,100,0.9848031439893771,-439163.42512816936
178,2014-03-12,72414.38263139775,74062.57050369635,8346208.311475589,8787019.924476057,499,100,0.9777460077190226,-440811.61300046835
179,2014-03-13,72046.21341887244,72126.99460456485,8418254.524894461,8859146.919080622,475,100,0.9988800145335974,-440892.39418616146
180,2014-03-14,72238.9603398928,75079.93862679972,8490493.485234354,8934226.857707422,744,100,0.9621606205483387,-443733.37247306854
181,2014-03-17,58833.91020787114,62570.87617864476,8549327.395442225,8996797.733886067,222,100,0.9402762723011215,-447470.3384438418
182,2014-03-18,48155.28778085493,50268.84776500609,8597482.68322308,9047066.581651073,138,100,0.9579548750742904,-449583.89842799306
183,2014-03-19,28847.571974084276,28597.408342813203,8626330.255197164,9075663.989993887,69,69,1.0087477728146628,-449333.73479672335
184,2014-03-20,33808.509442065566,34833.40508651163,8660138.764639229,9110497.395080399,84,84,0.9705772191406309,-450358.6304411702
185,2014-03-21,55972.51983676233,56317.19238377664,8716111.284475992,9166814.587464176,171,100,0.993879798824744,-450703.3029881846
186,2014-03-22,4374.614844783656,3988.5631671377982,8720485.899320776,9170803.150631314,12,12,1.0967896612059649,-450317.2513105385
187,2014-03-24,72847.76475249298,75378.51243759744,8793333.664073268,9246181.663068911,1109,100,0.9664261391839013,-452847.9989956431
188,2014-03-25,72592.2765406698,73373.59403356827,8865925.940613938,9319555.25710248,1104,100,0.9893515166704112,-453629.31648854166
189,2014-03-26,72186.37733188877,74521.65050111542,8938112.317945827,9394076.907603595,1109,100,0.9686631582429632,-455964.5896577686
190,2014-03-27,71238.1418713844,73859.80607565634,9009350.459817212,9467936.713679252,1109,100,0.9645048593603603,-458586.2538620401
191,2014-03-28,71275.80121456725,75057.51593402817,9080626.261031779,9542994.22961328,1106,100,0.9496157756834791,-462367.9685815014
192,2014-03-29,5146.228708306502,5155.429622395638,9085772.489740085,9548149.659235675,15,15,0.9982152963452035,-462377.16949559003
193,2014-03-31,71998.72288825367,72840.13069458728,9157771.212628338,9620989.789930262,308,100,0.988448568140802,-463218.5773019232
194,2014-04-01,55926.44216270818,59191.807901294145,9213697.654791046,9680181.597831557,253,100,0.9448341611050104,-466483.94304051064
195,2014-04-02,57892.7320663792,58981.829096222784,9271590.386857426,9739163.426927779,311,100,0.9815350414435803,-467573.0400703531
196,2014-04-03,62265.1122005587,67083.74386421943,9333855.499057984,9806247.170791999,544,100,0.9281699054630305,-472391.6717340145
197,2014-04-04,70813.47860565688,75076.3416041691,9404668.97766364,9881323.512396168,729,100,0.943219622754294,-476654.53473252803
198,2014-04-07,70285.53654473538,73867.32680649757,9474954.514208375,9955190.839202665,1003,100,0.9515104929795953,-480236.32499429025
199,2014-04-08,73725.2168970886,75958.55321763632,9548679.731105464,10031149.392420301,1027,100,0.9705979613099164,-482469.66131483763
200,2014-04-09,74255.808880896,74732.10798614663,9622935.539986359,10105881.500406448,1071,100,0.9936265800860465,-482945.96042008884
201,2014-04-10,73952.79113546584,77105.89494861421,9696888.331121825,10182987.395355063,1062,100,0.9591068385205866,-486099.0642332379
202,2014-04-11,72570.53410354811,76160.60198061558,9769458.865225373,10259147.997335678,971,100,0.9528618763021173,-489689.13211030513
203,2014-04-14,69735.10292887862,69828.08727346339,9839193.968154252,10328976.084609142,188,100,0.9986683819045391,-489782.11645489
204,2014-04-15,54498.600387172664,54411.03912094452,9893692.568541424,10383387.123730086,199,100,1.0016092555415732,-489694.55518866144
205,2014-04-16,59442.64795259579,59935.63447896967,9953135.21649402,10443322.758209055,267,100,0.991774734168421,-490187.5417150352
206,2014-04-17,62048.09144434739,64443.899903509315,10015183.307938367,10507766.658112565,270,100,0.9628233477063132,-492583.3501741979
207,2014-04-18,6367.4349961036305,6241.930093984853,10021550.742934471,10514008.58820655,12,12,1.020106745866911,-492457.8452720791
208,2014-04-21,14042.864138842264,14404.325581076466,10035593.607073313,10528412.913787626,32,32,0.97490604886708,-492819.3067143131
209,2014-04-22,72941.90981961148,75752.53069860961,10108535.516892925,10604165.444486236,324,100,0.9628973335533764,-495629.9275933113
210,2014-04-23,72466.9866350244,74526.53615899662,10181002.503527949,10678691.980645232,276,100,0.9723648833003813,-497689.47711728327
211,2014-04-24,72952.62713335619,72849.05079046362,10253955.130661305,10751541.031435696,186,100,1.0014217939941386,-497585.90077439137
212,2014-04-25,72632.77576001565,75560.6851876732,10326587.90642132,10827101.71662337,1110,100,0.961250888337164,-500513.8102020491
213,2014-04-28,64093.26787420006,67388.69693162818,10390681.17429552,10894490.413554998,1062,100,0.9510981929095376,-503809.2392594777
214,2014-04-29,61613.23947679005,61646.4583319522,10452294.413772311,10956136.87188695,212,100,0.9994611392761077,-503842.4581146389
215,2014-04-30,20472.643093255425,19880.29002935637,10472767.056865567,10976017.161916306,45,45,1.0297959970918107,-503250.1050507389
216,2014-05-01,1529.8264381045585,1843.1468407484545,10474296.883303672,10977860.308757056,2,2,0.8300078996871109,-503563.4254533835
217,2014-05-02,73970.9296638605,75416.42329780119,10548267.812967533,11053276.732054858,1100,100,0.9808331717319345,-505008.9190873243
218,2014-05-03,29822.763365399216,29526.543014163282,10578090.576332932,11082803.27506902,95,95,1.0100323411072485,-504712.69873608835
219,2014-05-05,72670.88819810614,74062.93056112995,10650761.464531038,11156866.205630152,1105,100,0.981204600567691,-506104.7410991136
220,2014-05-06,75220.5769211986,76815.8802013205,10725982.041452236,11233682.085831473,974,100,0.9792321161205093,-507700.0443792362
221,2014-05-07,72641.40878248333,75349.2306154761,10798623.45023472,11309031.316446949,423,100,0.9640630460208494,-510407.8662122283
222,2014-05-08,72041.13587521079,75491.98186188872,10870664.58610993,11384523.298308838,1111,100,0.954288576063731,-513858.7121989075
223,2014-05-09,74567.88106902984,74294.16516835867,10945232.467178961,11458817.463477196,737,100,1.0036842180008472,-513584.9962982349
224,2014-05-12,73057.29980173778,74214.18121181492,11018289.766980698,11533031.64468901,1110,100,0.9844115856136001,-514741.8777083121
225,2014-05-13,73122.90108958562,74858.934361367,11091412.668070285,11607890.579050377,1102,100,0.9768092708426622,-516477.91098009236
226,2014-05-14,72834.66663680249,73754.13252381903,11164247.334707087,11681644.711574197,1015,100,0.987533364496971,-517397.3768671099
227,2014-05-15,72440.34077897332,75075.9484802433,11236687.67548606,11756720.66005444,1106,100,0.9648941138324272,-520032.9845683798
228,2014-05-16,74690.45157818265,75221.42798721316,11311378.127064243,11831942.088041652,1104,100,0.99294115489112,-520563.96097740903
229,2014-05-19,59430.663873380036,57893.83266970034,11370808.790937623,11889835.920711352,154,100,1.0265456808231668,-519027.12977372855
230,2014-05-20,56461.03337264356,57623.88208341063,11427269.824310267,11947459.802794762,200,100,0.9798200213396965,-520189.9784844946
231,2014-05-21,58150.56766990286,59816.90703221544,11485420.39198017,12007276.709826978,295,100,0.9721426692721652,-521856.3178468086
232,2014-05-22,61228.61599799111,63421.612217060196,11546649.00797816,12070698.322044037,308,100,0.9654219414737745,-524049.31406587735
233,2014-05-23,61908.50439188341,64501.1641525338,11608557.512370043,12135199.486196572,308,100,0.9598044501255946,-526641.9738265295
234,2014-05-26,72687.68484488795,74459.84264313997,11681245.197214931,12209659.328839712,1031,100,0.9761998181120882,-528414.1316247806
235,2014-05-27,74116.04771648385,76510.48908803341,11755361.244931415,12286169.817927746,1072,100,0.9687044038001835,-530808.5729963314
236,2014-05-28,74107.33284497976,74469.92330910897,11829468.577776395,12360639.741236854,1101,100,0.9951310482404531,-531171.1634604596
237,2014-05-29,13015.846428997951,13873.256692307152,11842484.424205393,12374512.997929161,31,31,0.9381969005313192,-532028.5737237688
238,2014-05-30,72258.0625541631,74387.68456282202,11914742.486759556,12448900.682491984,810,100,0.9713713093615597,-534158.1957324278
239,2014-06-02,7502.239701682492,8149.143107127185,11922244.72646124,12457049.825599112,14,14,0.9206170026786109,-534805.0991378725
240,2014-06-03,11019.526069920057,11007.63195049318,11933264.25253116,12468057.457549606,25,25,1.0010805338950621,-534793.2050184458
241,2014-06-04,65355.265328447866,67339.41533543555,11998619.517859608,12535396.872885041,677,100,0.9705350871090266,-536777.355025433
242,2014-06-05,10897.808935195935,10762.593832770703,12009517.326794803,12546159.466717811,36,36,1.0125634307608562,-536642.1399230082
243,2014-06-06,74138.35977178857,74756.05622681297,12083655.686566591,12620915.522944624,941,100,0.9917371717262574,-537259.8363780323
244,2014-06-07,58226.62308057163,60344.18065988763,12141882.309647163,12681259.703604512,476,100,0.964908669632106,-539377.3939573485
245,2014-06-08,3076.5480401062177,3623.9184720957473,12144958.85768727,12684883.622076608,8,8,0.8489561958404158,-539924.764389338
246,2014-06-09,1557.612888720926,1575.4668315663776,12146516.470575992,12686459.088908175,6,6,0.9886675222304105,-539942.618332183
247,2014-06-10,7094.584530293073,6722.483149551477,12153611.055106286,12693181.572057726,21,21,1.0553517758934692,-539570.5169514399
248,2014-06-11,44241.80043579551,45744.530497828775,12197852.855542082,12738926.102555554,210,100,0.9671495139270345,-541073.247013472
249,2014-06-12,6644.112147778058,6844.532734070953,12204496.96768986,12745770.635289626,16,16,0.9707181492031978,-541273.6675997656
250,2014-06-13,71600.81030275875,71688.13035080211,12276097.77799262,12817458.765640428,415,100,0.9987819455240907,-541360.9876478091
251,2014-06-16,9313.283525774763,8983.841032823279,12285411.061518393,12826442.606673252,24,24,1.0366705612608056,-541031.5451548584
252,2014-06-17,71983.96081357347,72324.78113091532,12357395.022331966,12898767.387804167,805,100,0.9952876412204424,-541372.3654722013
253,2014-06-18,65293.354686391016,67033.2542521917,12422688.377018357,12965800.642056359,493,100,0.9740442324453642,-543112.2650380023
254,2014-06-19,61267.873536255276,64166.826714958144,12483956.250554612,13029967.468771318,298,100,0.9548216215899129,-546011.2182167061
255,2014-06-20,70128.02236367903,74875.70460274456,12554084.272918291,13104843.173374062,799,100,0.9365924866516514,-550758.900455771
256,2014-06-23,72849.87726328212,72380.04840438698,12626934.150181573,13177223.221778449,1063,100,1.006491137671948,-550289.0715968758
257,2014-06-24,73546.40374646371,73213.25501905635,12700480.553928036,13250436.476797504,592,100,1.0045503881410633,-549955.9228694681
258,2014-06-25,70100.75587136914,72626.54446181278,12770581.309799405,13323063.021259317,438,100,0.965222239207984,-552481.7114599124
259,2014-06-26,65129.606812115926,66443.90694653537,12835710.91661152,13389506.928205853,780,100,0.9802194031805354,-553796.0115943328
260,2014-06-27,72726.60557367615,74403.0569019352,12908437.522185197,13463909.985107789,429,100,0.9774679778215477,-555472.4629225917
261,2014-06-30,72948.91008353497,73674.14152591901,12981386.432268731,13537584.126633707,415,100,0.9901562281234196,-556197.6943649761
262,2014-07-01,51203.05857761073,53010.34017613998,13032589.490846341,13590594.466809848,156,100,0.9659069986624477,-558004.9759635068
263,2014-07-02,47121.05770082417,45285.37711316712,13079710.548547165,13635879.843923016,132,100,1.0405358352889438,-556169.29537585
264,2014-07-03,64535.14871866104,65175.05009873051,13144245.697265826,13701054.894021746,601,100,0.9901818045540415,-556809.1967559196
265,2014-07-04,68880.07321429197,69347.75928595272,13213125.770480119,13770402.653307699,292,100,0.9932559310282505,-557276.88282758
266,2014-07-07,68838.34168909334,69563.47577097757,13281964.112169212,13839966.129078677,179,100,0.9895759365982291,-558002.0169094652
267,2014-07-08,71766.83358125802,71562.6992112364,13353730.94575047,13911528.828289913,393,100,1.002852524740844,-557797.8825394437
268,2014-07-09,66793.4114437035,67718.42096412214,13420524.357194172,13979247.249254035,335,100,0.9863403560323901,-558722.8920598626
269,2014-07-10,65810.497481399,67664.979544749,13486334.85467557,14046912.228798784,355,100,0.9725931778029493,-560577.3741232138
270,2014-07-11,73518.43921341753,74189.41814741721,13559853.293888988,14121101.646946201,795,100,0.9909558674167465,-561248.3530572131
271,2014-07-14,72702.45462034726,74755.1047827721,13632555.748509334,14195856.751728972,392,100,0.972541672326063,-563301.003219638
272,2014-07-15,53722.84155630196,57180.65869621,13686278.590065636,14253037.410425182,207,100,0.9395282037886488,-566758.8203595467
273,2014-07-16,50105.52063861173,53259.17216834445,13736384.110704247,14306296.582593527,174,100,0.9407866964254629,-569912.4718892798
274,2014-07-17,69560.01843535852,70526.08035996644,13805944.129139606,14376822.662953492,659,100,0.9863020613129623,-570878.5338138863
275,2014-07-18,71064.94347876166,72248.59529841176,13877009.072618367,14449071.258251904,669,100,0.9836169573296033,-572062.1856335364
276,2014-07-21,71838.13454687636,75150.23023144357,13948847.207165243,14524221.488483347,469,100,0.9559270054879833,-575374.2813181039
277,2014-07-22,67671.08181968982,70473.69150424401,14016518.288984932,14594695.17998759,383,100,0.9602318308473253,-578176.8910026588
278,2014-07-23,69249.61730041358,70335.52316796672,14085767.906285346,14665030.703155557,392,100,0.9845610607749385,-579262.7968702111
279,2014-07-24,72807.87115327583,73351.87977152821,14158575.777438622,14738382.582927085,595,100,0.9925835763180599,-579806.8054884635
280,2014-07-25,70666.14182542644,72371.33353106887,14229241.919264048,14810753.916458154,688,100,0.9764382992209147,-581511.9971941058
281,2014-07-28,72259.44346203821,72891.89675751598,14301501.362726087,14883645.81321567,470,100,0.9913234073523741,-582144.4504895825
282,2014-07-29,64266.54047354011,65220.229604029846,14365767.903199626,14948866.0428197,328,100,0.9853774030499456,-583098.1396200731
283,2014-07-30,55747.12932717721,55667.90317719148,14421515.032526804,15004533.94599689,267,100,1.0014231926381985,-583018.9134700857
284,2014-07-31,61841.766485289096,63408.914616353904,14483356.799012093,15067942.860613244,355,100,0.975285050366394,-584586.0616011508
285,2014-08-01,67391.42988897875,66824.30949974075,14550748.228901071,15134767.170112984,504,100,1.0084867377378617,-584018.9412119128
286,2014-08-04,72565.3026499271,72933.63574245249,14623313.531550998,15207700.805855436,600,100,0.9949497500189616,-584387.2743044384
287,2014-08-05,73291.63491356302,73553.37569940352,14696605.166464562,15281254.181554839,887,100,0.9964414850664342,-584649.0150902774
288,2014-08-06,72141.72399008583,74659.87695645177,14768746.890454648,15355914.05851129,851,100,0.9662716700184926,-587167.1680566426
289,2014-08-07,71499.43239431689,72950.90973009526,14840246.322848964,15428864.968241386,542,100,0.9801033689483988,-588618.6453924216
290,2014-08-08,72960.82041065038,74379.58833655303,14913207.143259615,15503244.55657794,804,100,0.9809253054818884,-590037.4133183248
291,2014-08-11,73517.88750946832,72425.808145011,14986725.030769084,15575670.36472295,901,100,1.015078594114832,-588945.3339538667
292,2014-08-12,72296.76310670654,74626.4161267669,15059021.79387579,15650296.780849718,913,100,0.9687824614798196,-591274.9869739283
293,2014-08-13,74144.86600289527,74059.7556179979,15133166.659878684,15724356.536467716,915,100,1.0011492123378907,-591189.8765890319
294,2014-08-14,71948.88960164122,76592.35393009032,15205115.549480325,15800948.890397806,920,100,0.9393743097034539,-595833.3409174811
295,2014-08-15,73831.7181561329,71990.74454196755,15278947.267636457,15872939.634939773,925,100,1.025572365251649,-593992.3673033156
296,2014-08-18,72080.14493220222,73898.27170080556,15351027.41256866,15946837.906640578,647,100,0.975396897291936,-595810.4940719176
297,2014-08-19,65452.39436014264,64116.38811167045,15416479.806928802,16010954.294752248,400,100,1.0208372038385147,-594474.4878234453
298,2014-08-20,64531.36155264965,66545.15134856787,15481011.168481452,16077499.446100816,505,100,0.9697379936012188,-596488.2776193637
299,2014-08-21,68200.60637930813,70710.07798048321,15549211.77486076,16148209.5240813,552,100,0.9645104110637845,-598997.7492205389
300,2014-08-22,72497.47841272528,73355.74220875488,15621709.253273485,16221565.266290054,695,100,0.9882999780223454,-599856.0130165685
301,2014-08-25,71851.80196841047,71631.7364430844,15693561.055241896,16293197.002733137,407,100,1.0030721791241362,-599635.9474912416
302,2014-08-26,71282.76909006656,71870.5101668763,15764843.824331962,16365067.512900013,558,100,0.9918222220011371,-600223.6885680519
303,2014-08-27,70260.16264141856,72642.61371920338,15835103.98697338,16437710.126619216,654,100,0.9672031200998071,-602606.1396458354
304,2014-08-28,71650.7042560056,73539.31659428235,15906754.691229386,16511249.443213498,800,100,0.9743183316660902,-604494.751984112
305,2014-08-29,73646.08994070085,72713.91212129123,15980400.781170087,16583963.355334789,761,100,1.0128198001209823,-603562.5741647016
306,2014-09-01,69834.67410172573,71235.47580362529,16050235.455271812,16655198.831138413,323,100,0.980335616684008,-604963.3758666012
307,2014-09-02,55467.14577757991,55883.48982092936,16105702.601049392,16711082.320959343,233,100,0.99254978447689,-605379.7199099511
308,2014-09-03,61912.45601199844,62616.509220002146,16167615.05706139,16773698.830179345,318,100,0.988756108943569,-606083.7731179558
309,2014-09-04,68359.99728185928,69632.50324419429,16235975.054343248,16843331.33342354,478,100,0.9817254026058426,-607356.2790802922
310,2014-09-05,72666.38209278932,73532.03526238479,16308641.436436037,16916863.368685924,868,100,0.9882275369299035,-608221.9322498869
311,2014-09-08,70534.39788902152,72122.01416956043,16379175.834325058,16988985.382855482,261,100,0.9779870778871153,-609809.548530424
312,2014-09-09,67296.84931694949,66835.56428470845,16446472.683642007,17055820.94714019,364,100,1.006901790045133,-609348.2634981833
313,2014-09-10,70444.65471261303,71159.84477890094,16516917.338354621,17126980.79191909,477,100,0.989949527454563,-610063.4535644688
314,2014-09-11,73534.64471659067,71789.58223409382,16590451.983071212,17198770.374153182,599,100,1.0243080183529485,-608318.3910819702
315,2014-09-12,74398.7239317013,75450.0533584458,16664850.707002914,17274220.42751163,781,100,0.9860658888900995,-609369.7205087151
316,2014-09-15,73929.16389550554,74385.1623281846,16738779.87089842,17348605.589839812,488,100,0.9938697662489838,-609825.7189413924
317,2014-09-16,67607.80550346489,70250.60835592679,16806387.676401883,17418856.19819574,394,100,0.9623803563511926,-612468.5217938572
318,2014-09-17,68956.17771487444,68823.81434818372,16875343.854116756,17487680.012543924,446,100,1.0019232204425796,-612336.1584271677
319,2014-09-18,70047.296417627,72099.77439337187,16945391.150534384,17559779.786937296,536,100,0.9715328100120442,-614388.6364029124
320,2014-09-19,73061.94703086917,72765.67417940592,17018453.097565252,17632545.4611167,579,100,1.0040716018205613,-614092.363551449
321,2014-09-22,72720.49912264365,73289.21829355229,17091173.596687894,17705834.679410253,493,100,0.9922400704475972,-614661.0827223584
322,2014-09-23,73254.98117138461,73863.99581826072,17164428.57785928,17779698.675228514,622,100,0.9917549187512876,-615270.097369235
323,2014-09-24,72566.65118877284,71859.26106271599,17236995.22904805,17851557.93629123,765,100,1.00984410520781,-614562.707243178
324,2014-09-25,72117.51125093694,72390.40586228046,17309112.740298986,17923948.34215351,716,100,0.9962302378596593,-614835.6018545218
325,2014-09-26,72473.72080426042,75388.36933466335,17381586.461103246,17999336.711488172,657,100,0.9613382202569702,-617750.2503849268
326,2014-09-29,74112.6989233939,73391.99866838816,17455699.16002664,18072728.71015656,444,100,1.0098198750283682,-617029.5501299202
327,2014-09-30,69024.16024779432,69824.81750902784,17524723.320274435,18142553.52766559,414,100,0.9885333425879703,-617830.207391154
328,2014-10-01,61672.06384537645,61600.36894805036,17586395.384119812,18204153.89661364,356,100,1.0011638712324362,-617758.5124938264
329,2014-10-02,66994.3760850226,68760.98122809007,17653389.760204837,18272914.87784173,395,100,0.9743080288920342,-619525.117636893
330,2014-10-03,13047.928944239133,12904.818162091853,17666437.689149074,18285819.69600382,28,28,1.011089717061467,-619382.0068547465
331,2014-10-06,73045.901247441,71600.61089419776,17739483.590396516,18357420.30689802,508,100,1.0201854472356235,-617936.7165015042
332,2014-10-07,70771.43492328125,73900.81446747611,17810255.025319796,18431321.121365495,338,100,0.9576543294313474,-621066.096045699
333,2014-10-08,73433.58071290169,74762.59878873176,17883688.6060327,18506083.720154226,546,100,0.982223490122572,-622395.1141215265
334,2014-10-09,74426.56817287688,72553.66889196246,17958115.174205575,18578637.38904619,289,100,1.0258139844547807,-620522.2148406133
335,2014-10-10,39077.036599597064,41379.78082282693,17997192.210805174,18620017.169869017,472,100,0.944350980661561,-622824.9590638429
336,2014-10-13,73313.22734855619,73555.41128418966,18070505.43815373,18693572.581153207,913,100,0.996707462695059,-623067.1429994777
337,2014-10-14,74849.23205792191,73683.46725027185,18145354.67021165,18767256.04840348,929,100,1.0158212534121183,-621901.3781918287
338,2014-10-15,71819.31509305656,73034.93251036842,18217173.985304706,18840290.980913848,920,100,0.9833556713817831,-623116.9956091419
339,2014-10-16,72371.84193540267,73515.88607991466,18289545.82724011,18913806.866993763,929,100,0.984438137040634,-624261.0397536531
340,2014-10-17,73582.78015029346,73458.11951094783,18363128.607390404,18987264.98650471,327,100,1.0016970300924604,-624136.3791143075
341,2014-10-20,72801.86601363169,73663.5238506369,18435930.473404035,19060928.51035535,579,100,0.988302788246292,-624998.0369513147
342,2014-10-21,69840.0235566905,70489.12029683737,18505770.496960726,19131417.630652186,624,100,0.9907915329711386,-625647.1336914599
343,2014-10-22,70623.1637658024,70751.82181562611,18576393.66072653,19202169.45246781,664,100,0.9981815584882183,-625775.7917412817
344,2014-10-23,71014.72103705764,70411.64427552541,18647408.381763585,19272581.096743334,680,100,1.008565014604294,-625172.7149797492
345,2014-10-24,71540.55009281091,72537.45695221236,18718948.931856398,19345118.553695545,702,100,0.9862566610233081,-626169.6218391471
346,2014-10-27,73840.17759662199,73124.18399998834,18792789.10945302,19418242.737695534,775,100,1.0097914746868664,-625453.628242515
347,2014-10-28,74274.85919834103,72710.26178816457,18867063.968651358,19490952.999483697,882,100,1.0215182475169018,-623889.0308323391
348,2014-10-29,72563.58012603532,73935.83829559565,18939627.548777394,19564888.83777929,922,100,0.9814398781268424,-625261.289001897
349,2014-10-30,72586.02779203025,75416.84248831755,19012213.576569423,19640305.68026761,863,100,0.9624644230269146,-628092.1036981866
350,2014-10-31,69612.77831666247,72069.65027938923,19081826.354886085,19712375.330546997,597,100,0.9659097560040557,-630548.9756609127
351,2014-11-03,71929.4737617199,75520.294218383,19153755.828647804,19787895.62476538,554,100,0.9524522448723587,-634139.7961175777
352,2014-11-04,69985.24323446002,71602.30055803651,19223741.071882263,19859497.92532342,555,100,0.9774161261443576,-635756.8534411564
353,2014-11-05,74225.3355090097,72114.38264644444,19297966.407391272,19931612.307969864,669,100,1.029272286402487,-633645.900578592
354,2014-11-06,71309.11622924886,73167.67328120385,19369275.52362052,20004779.98125107,867,100,0.9745986585522265,-635504.4576305486
355,2014-11-07,70212.68218447441,72964.2756274151,19439488.205804992,20077744.256878484,746,100,0.9622884840659361,-638256.0510734916
356,2014-11-10,73413.23665206923,74140.65752384694,19512901.44245706,20151884.914402332,451,100,0.9901886374349494,-638983.4719452709
357,2014-11-11,71979.7017135844,74140.07384614224,19584881.144170646,20226024.988248475,771,100,0.9708609390241355,-641143.8440778293
358,2014-11-12,72719.7763736738,76010.99334590185,19657600.92054432,20302035.981594376,894,100,0.9567007767251406,-644435.0610500574
359,2014-11-13,73523.4736664677,73298.64311653729,19731124.394210786,20375334.624710914,926,100,1.0030673221272726,-644210.2305001281
360,2014-11-14,72813.42252143532,74461.00487693808,19803937.81673222,20449795.62958785,907,100,0.9778732188985937,-645857.8128556311
361,2014-11-17,72825.9230251369,74910.44922913588,19876763.73975736,20524706.078816988,923,100,0.972173091665452,-647942.3390596285
362,2014-11-18,72833.51335784761,74406.42950127013,19949597.253115207,20599112.508318257,924,100,0.9788604808218129,-649515.2552030496
363,2014-11-19,72793.89731568532,70242.87088475318,20022391.15043089,20669355.37920301,859,100,1.0363172290483056,-646964.2287721187
364,2014-11-20,75036.09799255276,72006.37646149905,20097427.248423446,20741361.75566451,928,100,1.0420757393989082,-643934.5072410628
365,2014-11-21,72899.46900374531,72477.1169745529,20170326.71742719,20813838.87263906,920,100,1.005827384515594,-643512.1552118696
366,2014-11-24,73999.47599242105,74074.27631439315,20244326.193419613,20887913.148953453,771,100,0.9989901984103817,-643586.9555338398
367,2014-11-25,69555.22751759687,70644.67692958027,20313881.42093721,20958557.825883035,651,100,0.9845784642334853,-644676.4049458243
368,2014-11-26,68583.26594402618,70311.82753217207,20382464.686881237,21028869.653415207,707,100,0.9754157778454134,-646404.9665339701
369,2014-11-27,70883.5467069082,72157.12401772957,20453348.233588144,21101026.777432937,665,100,0.9823499435688644,-647678.543844793
370,2014-11-28,73404.80975111166,72086.63244604364,20526753.043339256,21173113.40987898,639,100,1.0182860158720088,-646360.3665397242
371,2014-12-01,72382.63935731974,73077.42916216943,20599135.682696577,21246190.83904115,912,100,0.9904924158825039,-647055.156344574
372,2014-12-02,74342.00253062825,74641.09571108878,20673477.685227204,21320831.93475224,932,100,0.9959929154628406,-647354.2495250367
373,2014-12-03,72322.92783500791,72702.30398477105,20745800.61306221,21393534.238737013,935,100,0.9947817864225789,-647733.6256748028
374,2014-12-04,72824.48279881511,71969.25810830428,20818625.095861025,21465503.496845316,935,100,1.0118831944776177,-646878.400984291
375,2014-12-05,72522.63644976709,71903.71276076521,20891147.73231079,21537407.20960608,916,100,1.008607673585106,-646259.4772952907
376,2014-12-08,74879.90969724477,73182.9453442578,20966027.642008036,21610590.15495034,893,100,1.0231879756274407,-644562.512942303
377,2014-12-09,74044.19011932675,72416.92293482939,21040071.832127362,21683007.07788517,900,100,1.022470813706926,-642935.245757807
378,2014-12-10,74550.2276932636,73426.89447122991,21114622.059820626,21756433.972356398,916,100,1.0152986617522526,-641811.9125357717
379,2014-12-11,72567.30765147063,72669.77265809967,21187189.367472097,21829103.745014496,872,100,0.9985899913694362,-641914.3775423989
380,2014-12-12,72289.52250853143,72657.88504238651,21259478.88998063,21901761.630056884,675,100,0.9949301781404705,-642282.740076255
381,2014-12-15,74701.79870383035,74174.31665655722,21334180.68868446,21975935.94671344,655,100,1.007111383981001,-641755.2580289803
382,2014-12-16,72225.99935357095,72283.3195938535,21406406.688038033,22048219.266307294,505,100,0.999207005978632,-641812.5782692619
383,2014-12-17,71952.67157099253,73869.17210344247,21478359.359609026,22122088.438410737,333,100,0.9740554756757505,-643729.0788017102
384,2014-12-18,74535.33683024364,73686.00394996691,21552894.69643927,22195774.442360703,324,100,1.0115263799737795,-642879.745921433
385,2014-12-19,73414.728743108,73491.23577032957,21626309.42518238,22269265.678131033,321,100,0.9989589639306017,-642956.252948653
386,2014-12-22,71660.7298616472,73193.37432913556,21697970.155044027,22342459.052460168,706,100,0.9790603387050256,-644488.8974161409
387,2014-12-23,73203.34028023304,71816.42468087559,21771173.49532426,22414275.47714104,831,100,1.0193119555243855,-643101.9818167798
388,2014-12-24,72761.6066288375,75653.87902996392,21843935.1019531,22489929.356171004,927,100,0.961769674758106,-645994.2542179041
389,2014-12-25,7525.912856719711,7882.689395071411,21851461.01480982,22497812.045566075,16,16,0.9547392367667346,-646351.0307562537
390,2014-12-26,8363.871103858666,8971.865319035584,21859824.88591368,22506783.91088511,18,18,0.9322332431933705,-646959.0249714293
391,2014-12-29,73464.36654154614,72724.40280863167,21933289.252455227,22579508.313693743,207,100,1.010174902843295,-646219.0612385161
392,2014-12-30,41779.68452157448,42186.27090048374,21975068.9369768,22621694.584594227,61,61,0.990362116152234,-646625.6476174258
393,2014-12-31,70629.33426594856,71348.0512311142,22045698.27124275,22693042.635825343,562,100,0.989926606925289,-647344.3645825945
394,2015-01-01,7867.163844152481,8022.98125714723,22053565.435086902,22701065.61708249,16,16,0.9805786143578561,-647500.1819955893
395,2015-01-02,47044.63928584572,48383.47111470717,22100610.07437275,22749449.088197198,188,100,0.9723287354541521,-648839.013824448
396,2015-01-05,72427.87344842551,77580.79388335704,22173037.947821174,22827029.882080555,775,100,0.933579947084855,-653991.9342593811
397,2015-01-06,72127.46797693588,74190.89173021975,22245165.41579811,22901220.773810774,761,100,0.972187640488443,-656055.3580126651
398,2015-01-07,56252.125880297186,58727.57356320507,22301417.541678406,22959948.347373977,475,100,0.9578486299924566,-658530.805695571
399,2015-01-08,41244.691564141096,43495.1137287495,22342662.23324255,23003443.461102728,516,100,0.9482603453196419,-660781.2278601788
400,2015-01-09,75012.61670937907,75400.23567920372,22417674.849951927,23078843.696781933,907,100,0.9948591809251923,-661168.8468300067
401,2015-01-12,67355.4289405189,68970.41128125272,22485030.278892446,23147814.108063187,249,100,0.9765844177128636,-662783.8291707411
402,2015-01-13,74461.6330815029,74570.06729074083,22559491.91197395,23222384.17535393,920,100,0.9985458748640369,-662892.2633799799
403,2015-01-14,62492.22060387642,63385.276907142084,22621984.132577825,23285769.45226107,649,100,0.9859106665326403,-663785.3196832463
404,2015-01-15,73340.41602266984,73058.17027123127,22695324.548600495,23358827.622532304,1091,100,1.0038633016730467,-663503.0739318095
405,2015-01-16,73255.24720425416,75910.46093562862,22768579.79580475,23434738.083467934,992,100,0.9650217677689238,-666158.2876631841
406,2015-01-19,72038.52500525121,74055.5643265966,22840618.32081,23508793.64779453,1107,100,0.9727631631777197,-668175.3269845285
407,2015-01-20,74833.40810989783,74819.50250040009,22915451.7289199,23583613.15029493,1106,100,1.0001858554124663,-668161.4213750288
408,2015-01-21,74044.6372638543,74730.58032947131,22989496.366183754,23658343.7306244,1113,100,0.9908211195123491,-668847.364440646
409,2015-01-22,75304.38328547945,74547.4279603118,23064800.74946923,23732891.15858471,1097,100,1.0101540099488158,-668090.4091154784
410,2015-01-23,73818.44265878944,72804.04703174421,23138619.19212802,23805695.205616456,984,100,1.0139332313024156,-667076.0134884343
411,2015-01-26,74536.10254804001,73863.61412802646,23213155.29467606,23879558.819744483,730,100,1.0091044613501845,-666403.5250684209
412,2015-01-27,67272.00560856723,70071.69236596515,23280427.300284628,23949630.51211045,539,100,0.9600453954676029,-669203.2118258215
413,2015-01-28,73189.14030846795,72894.42165539601,23353616.440593097,24022524.933765847,726,100,1.00404308925675,-668908.4931727499
414,2015-01-29,71699.15011498427,74351.72637629004,23425315.59070808,24096876.66014214,708,100,0.9643239452453164,-671561.0694340579
415,2015-01-30,72167.51245486116,73654.74127219089,23497483.10316294,24170531.40141433,655,100,0.9798081047921453,-673048.2982513905
416,2015-02-02,73160.40728638755,73669.52200851435,23570643.510449328,24244200.923422847,1053,100,0.9930892082879543,-673557.4129735194
417,2015-02-03,75654.67296827506,72907.04406409989,23646298.183417603,24317107.967486948,1109,100,1.0376867412394262,-670809.7840693444
418,2015-02-04,71773.89147895697,75535.64618240712,23718072.07489656,24392643.613669354,1113,100,0.9501989472047928,-674571.5387727953
419,2015-02-05,74804.04177202951,74496.66929186058,23792876.11666859,24467140.282961216,1112,100,1.0041259895655832,-674264.1662926264
420,2015-02-06,74286.71419382695,75291.61735533766,23867162.830862418,24542431.900316555,1069,100,0.9866531866785636,-675269.0694541372
421,2015-02-09,75245.54825230208,75062.66556916603,23942408.37911472,24617494.565885723,1072,100,1.0024364000631916,-675086.1867710017
422,2015-02-10,75058.47475695534,73965.3744164424,24017466.853871677,24691459.940302163,1090,100,1.014778541299048,-673993.0864304863
423,2015-02-11,74007.45167459243,74601.75081597337,24091474.30554627,24766061.691118136,1100,100,0.9920337105378807,-674587.3855718672
424,2015-02-12,73807.42850582227,75502.70610419795,24165281.73405209,24841564.397222333,1104,100,0.9775467968520745,-676282.6631702408
425,2015-02-13,73795.24152407434,75198.76574747081,24239076.975576166,24916763.162969805,1100,100,0.9813358077164495,-677686.1873936392
426,2015-02-16,71977.26580269288,72095.19897650271,24311054.24137886,24988858.361946307,421,100,0.998364202117699,-677804.1205674484
427,2015-02-17,68905.8078651789,70643.10937179865,24379960.04924404,25059501.471318107,512,100,0.9754073465612019,-679541.4220740683
428,2015-02-18,72903.4478356645,73518.40678578886,24452863.497079704,25133019.878103897,603,100,0.9916353063537384,-680156.381024193
429,2015-02-19,71103.47104120899,70756.82491629639,24523966.968120914,25203776.703020193,579,100,1.0048991192768002,-679809.7348992787
430,2015-02-20,72983.13929151889,74532.01544891826,24596950.10741243,25278308.71846911,883,100,0.9792186465363879,-681358.611056678
431,2015-02-23,70792.08329481956,74336.9017146292,24667742.19070725,25352645.62018374,665,100,0.9523141489886437,-684903.4294764884
432,2015-02-24,72443.72868934971,73882.62600190972,24740185.9193966,25426528.24618565,830,100,0.9805245510287788,-686342.3267890476
433,2015-02-25,72119.23221157177,74788.17467052463,24812305.151608173,25501316.420856174,880,100,0.9643133092803675,-689011.2692480013
434,2015-02-26,73825.93251153317,73805.39042926468,24886131.084119707,25575121.81128544,687,100,1.0002783276688738,-688990.7271657325
435,2015-02-27,76377.2177216007,73166.15491037472,24962508.301841307,25648287.966195814,803,100,1.0438872702161182,-685779.6643545069
436,2015-03-02,67716.15382616235,68748.90232771872,25030224.45566747,25717036.868523534,374,100,0.9849779637697578,-686812.4128560647
437,2015-03-03,68518.70335813638,69252.36125161203,25098743.159025606,25786289.229775146,441,100,0.9894060234161536,-687546.0707495399
438,2015-03-04,72188.69890449668,74063.01070929001,25170931.8579301,25860352.240484435,464,100,0.9746930108991878,-689420.3825543337
439,2015-03-05,73795.14027392662,75614.31384333684,25244726.998204026,25935966.55432777,634,100,0.9759414127174477,-691239.5561237447
440,2015-03-06,74711.51356622459,76232.29046928902,25319438.511770252,26012198.84479706,1006,100,0.9800507515423915,-692760.3330268078
441,2015-03-09,75830.7945843792,74022.51305871074,25395269.30635463,26086221.35785577,1015,100,1.0244288048452803,-690952.05150114
442,2015-03-10,73202.31312274864,73353.05801677318,25468471.61947738,26159574.415872544,966,100,0.9979449405641675,-691102.796395164
443,2015-03-11,73868.1112501998,74236.76092922603,25542339.73072758,26233811.17680177,997,100,0.995034135724514,-691471.4460741915
444,2015-03-12,73933.14621211513,75174.80407074907,25616272.876939695,26308985.98087252,918,100,0.9834830582668976,-692713.103932824
445,2015-03-13,73269.98962999764,76407.13352587426,25689542.866569694,26385393.114398394,854,100,0.958941740762801,-695850.2478286996
446,2015-03-16,74366.12684256864,72690.27263145811,25763908.993412264,26458083.387029853,586,100,1.023054724524245,-694174.393617589
447,2015-03-17,65291.2763538074,65922.61697077734,25829200.26976607,26524006.00400063,372,100,0.9904230043347672,-694805.7342345603
448,2015-03-18,73076.92984821754,72353.99421319216,25902277.199614286,26596359.998213824,537,100,1.0099916479095161,-694082.7985995375
449,2015-03-19,72133.96659064018,76320.28055492365,25974411.166204926,26672680.278768748,592,100,0.9451480794640056,-698269.1125638224
450,2015-03-20,74865.18456064463,74723.64555165397,26049276.35076557,26747403.924320403,780,100,1.0018941662702046,-698127.5735548325
451,2015-03-23,74106.92287246742,76772.96323399394,26123383.27363804,26824176.887554396,1114,100,0.965273707706178,-700793.6139163561
452,2015-03-24,75511.41224683514,74663.27295644136,26198894.685884874,26898840.160510838,1106,100,1.0113595246606533,-699945.4746259637
453,2015-03-25,73156.8846884806,74966.27410384481,26272051.570573356,26973806.434614684,1107,100,0.9758639543315463,-701754.8640413284
454,2015-03-26,76238.20793446305,74214.60447449562,26348289.778507818,27048021.03908918,1098,100,1.0272669169942537,-699731.260581363
455,2015-03-27,74962.96383042734,74333.32011011733,26423252.742338244,27122354.359199297,1061,100,1.008470544829388,-699101.6168610528
456,2015-03-30,74845.09594089648,75713.14684325713,26498097.83827914,27198067.506042555,574,100,0.9885350043083311,-699969.6677634157
457,2015-03-31,69000.79833651669,69372.77826031604,26567098.636615656,27267440.28430287,411,100,0.9946379555046285,-700341.6476872154
458,2015-04-01,72575.8766085077,71278.44085287803,26639674.513224162,27338718.72515575,449,100,1.0182023588073092,-699044.2119315863
459,2015-04-02,73702.4261512094,75172.49844602137,26713376.93937537,27413891.22360177,463,100,0.9804440144307883,-700514.2842263989
460,2015-04-03,8474.90431162862,8284.730002693252,26721851.843686998,27422175.953604463,17,17,1.0229547986323688,-700324.1099174656
461,2015-04-06,13860.935268527548,13554.92553555559,26735712.778955527,27435730.87914002,32,32,1.022575537738608,-700018.1001844928
462,2015-04-07,73871.44341064843,75399.3122712876,26809584.222366177,27511130.191411305,701,100,0.9797363024328141,-701545.9690451287
463,2015-04-08,73373.39930063815,74812.19426921918,26882957.621666815,27585942.385680523,537,100,0.9807679084588352,-702984.7640137076
464,2015-04-09,74933.07738313738,74116.35396092059,26957890.699049953,27660058.739641443,241,100,1.0110194765199516,-702168.0405914895
465,2015-04-10,74503.35557806536,74420.16035978857,27032394.05462802,27734478.90000123,1114,100,1.001117912375821,-702084.8453732133
466,2015-04-13,33162.29296716472,35523.958947291125,27065556.34759518,27770002.85894852,363,100,0.9335190657203906,-704446.51135334
467,2015-04-14,76348.91601798055,76702.13038408497,27141905.26361316,27846704.989332605,930,100,0.9953949862365529,-704799.7257194445
468,2015-04-15,75946.5534772082,75675.75565349763,27217851.81709037,27922380.744986102,459,100,1.0035783960314912,-704528.9278957322
469,2015-04-16,73927.8282382942,75177.81157398464,27291779.645328663,27997558.556560088,291,100,0.9833729752234102,-705778.9112314247
470,2015-04-17,72443.32927351278,74146.68808717845,27364222.974602178,28071705.24464727,1110,100,0.9770271760262179,-707482.2700450905
471,2015-04-18,19451.363596158208,20090.93668457274,27383674.338198338,28091796.18133184,30,30,0.9681660890950075,-708121.8431335017
472,2015-04-20,74101.00943634157,74935.38726717605,27457775.34763468,28166731.568599015,1112,100,0.9888653697370032,-708956.2209643349
473,2015-04-21,73496.53277512621,74440.78862436836,27531271.880409807,28241172.357223384,1101,100,0.9873153432856964,-709900.4768135771
474,2015-04-22,72395.40401379344,77084.58268322452,27603667.2844236,28318256.93990661,1111,100,0.9391683978013989,-714589.6554830074
475,2015-04-23,73398.73649124327,75055.091043212,27677066.020914845,28393312.03094982,1087,100,0.9779314830087261,-716246.0100349747
476,2015-04-24,73845.63919629497,76146.58865254055,27750911.66011114,28469458.61960236,930,100,0.9697826324598087,-718546.9594912194
477,2015-04-27,75106.09580719795,73518.45488727647,27826017.75591834,28542977.074489634,542,100,1.0215951344782173,-716959.3185712956
478,2015-04-28,68943.75029493477,68695.37179103988,27894961.506213274,28611672.446280673,421,100,1.0036156512064658,-716710.9400673993
479,2015-04-29,71494.03474442377,71814.54757161229,27966455.540957697,28683486.993852284,612,100,0.995536937319435,-717031.4528945871
480,2015-04-30,72383.75559664512,71557.89562633303,28038839.296554342,28755044.889478616,437,100,1.011541143895911,-716205.5929242745
481,2015-05-01,7870.815253625397,8063.337566887058,28046710.11180797,28763108.227045503,15,15,0.9761237438387457,-716398.115237534
482,2015-05-03,543.2320776647178,541.067865406216,28047253.343885634,28763649.294910908,1,1,1.0039998905809662,-716395.9510252737
483,2015-05-04,74579.9209401048,75348.11116441539,28121833.26482574,28838997.406075325,1114,100,0.9898047845866457,-717164.1412495859
484,2015-05-05,73598.81689532664,75657.79776770047,28195432.081721067,28914655.203843024,1109,100,0.9727856092415521,-719223.1221219562
485,2015-05-06,74791.00849082833,75724.99721858084,28270223.090211894,28990380.201061603,1107,100,0.9876660447400673,-720157.1108497083
486,2015-05-07,73626.9946209575,74449.45296709053,28343850.08483285,29064829.65402869,953,100,0.9889527953080247,-720979.5691958405
487,2015-05-08,65636.06575643715,69456.6346642027,28409486.150589287,29134286.288692895,1085,100,0.9449934635296311,-724800.138103608
488,2015-05-11,73438.0463733267,74783.7860713503,28482924.196962614,29209070.074764244,1114,100,0.9820049268869638,-726145.8778016306
489,2015-05-12,74676.92871245813,75424.44647972299,28557601.12567507,29284494.521243967,1099,100,0.9900891845793549,-726893.3955688961
490,2015-05-13,73826.91872765167,74404.88304280622,28631428.044402722,29358899.404286772,1111,100,0.9922321722510868,-727471.3598840497
491,2015-05-14,11343.65087124211,12884.052508714225,28642771.695273966,29371783.456795488,26,26,0.8804412170448503,-729011.761521522
492,2015-05-15,74472.86305562106,75593.67472592674,28717244.558329586,29447377.131521415,1083,100,0.9851732082827126,-730132.573191829
493,2015-05-16,1146.94131835817,1098.1940172742586,28718391.499647945,29448475.325538687,1,1,1.0443886055807363,-730083.8258907422
494,2015-05-18,74056.44153378287,73094.17120727089,28792447.941181727,29521569.49674596,627,100,1.013164802481764,-729121.5555642322
495,2015-05-19,75159.50360622561,73948.90304389028,28867607.444787953,29595518.399789847,914,100,1.016370771066297,-727910.9550018944
496,2015-05-20,74878.71624473414,73322.4837045238,28942486.161032688,29668840.88349437,1109,100,1.0212244929738288,-726354.7224616818
497,2015-05-21,42071.75483162495,46667.48012084218,28984557.91586431,29715508.36361521,723,100,0.9015218889617156,-730950.4477508999
498,2015-05-22,75243.15753514726,76389.10827272637,29059801.073399458,29791897.47188794,1104,100,0.9849985061549899,-732096.3984884806
499,2015-05-23,1168.5600851005051,1053.661405250748,29060969.633484557,29792951.13329319,2,2,1.1090470613018362,-731981.4998086318
500,2015-05-25,13646.146942436157,14143.009982135858,29074615.780426994,29807094.143275324,33,33,0.9648686495783222,-732478.3628483303
501,2015-05-26,73543.94059763025,73108.86256855741,29148159.721024625,29880203.00584388,1011,100,1.0059510983181397,-732043.2848192565
502,2015-05-27,74088.88149102301,75952.1806146049,29222248.60251565,29956155.186458487,1052,100,0.9754674703411531,-733906.583942838
503,2015-05-28,76230.82263687896,75019.05457685518,29298479.42515253,30031174.241035342,1103,100,1.0161528036691312,-732694.8158828132
504,2015-05-29,71619.85521216519,74357.39471534625,29370099.280364696,30105531.63575069,1064,100,0.9631840314784983,-735432.3553859927
505,2015-06-01,6388.163458135314,6087.957302415643,29376487.44382283,30111619.593053102,13,13,1.0493114752300499,-735132.1492302716
506,2015-06-02,70260.21137161177,70410.80758555108,29446747.655194443,30182030.400638655,498,100,0.9978611775790764,-735282.7454442121
507,2015-06-03,58332.73692125481,58697.76913401749,29505080.392115697,30240728.169772673,161,100,0.9937811569647689,-735647.7776569761
508,2015-06-04,48618.98583069331,47236.5524535041,29553699.37794639,30287964.722226176,95,95,1.0292661785287986,-734265.3442797847
509,2015-06-05,73825.29010414296,73468.65091772098,29627524.668050535,30361433.373143896,881,100,1.0048543042776352,-733908.7050933614
510,2015-06-06,28720.462645659023,29835.91245786681,29656245.130696192,30391269.285601765,52,52,0.9626138528934557,-735024.1549055725
511,2015-06-07,2106.591430000017,2315.141230263801,29658351.722126193,30393584.426832028,4,4,0.9099191887140206,-735232.7047058344
512,2015-06-08,32021.011381789776,30014.839626049637,29690372.733507983,30423599.26645808,81,81,1.0668393295028302,-733226.5329500958
513,2015-06-09,74489.56466178666,73344.71971868719,29764862.29816977,30496943.986176766,407,100,1.015609098343964,-732081.6880069971
514,2015-06-10,73506.36403692729,72265.26311840277,29838368.6622067,30569209.249295168,273,100,1.0171742392536653,-730840.5870884694
515,2015-06-11,72707.51570656354,74096.94968102724,29911076.177913263,30643306.198976196,905,100,0.9812484322169139,-732230.0210629329
516,2015-06-12,73043.79806197273,74066.28351721987,29984119.975975238,30717372.482493415,452,100,0.9861949944469751,-733252.5065181777
517,2015-06-15,75973.60962016805,73968.35799979464,30060093.585595407,30791340.84049321,872,100,1.0271095867827562,-731247.2548978031
518,2015-06-16,74328.98811374682,74115.10981597821,30134422.573709153,30865455.950309187,720,100,1.0028857583602,-731033.3766000345
519,2015-06-17,72905.8979055577,75574.65451614805,30207328.47161471,30941030.604825336,523,100,0.9646871477259599,-733702.1332106255
520,2015-06-18,76506.11482300746,76077.81182710406,30283834.586437717,31017108.41665244,968,100,1.0056298017203331,-733273.830214724
521,2015-06-19,73982.07697176402,74828.3101094928,30357816.663409483,31091936.726761933,474,100,0.9886910029574298,-734120.0633524507
522,2015-06-22,73695.56993123546,73573.72329295242,30431512.233340718,31165510.450054888,1110,100,1.0016561162440818,-733998.2167141698
523,2015-06-23,73562.54718574778,76964.92447765755,30505074.780526467,31242475.374532547,1034,100,0.9557931445395303,-737400.5940060802
524,2015-06-24,74651.4875010481,74278.92409559674,30579726.268027514,31316754.298628144,1067,100,1.0050157350821598,-737028.0306006297
525,2015-06-25,72733.67463847675,75339.75712213117,30652459.94266599,31392094.055750277,1050,100,0.9654089343634361,-739634.1130842865
526,2015-06-26,74947.73688488189,76628.22083936475,30727407.67955087,31468722.276589643,879,100,0.9780696467166367,-741314.597038772
527,2015-06-29,74468.6047448659,76259.07413466212,30801876.284295738,31544981.350724306,541,100,0.9765212283244545,-743105.0664285682
528,2015-06-30,71254.3160146237,71978.88438307926,30873130.600310363,31616960.235107385,457,100,0.9899335982397376,-743829.6347970217
529,2015-07-01,73586.1010322199,73595.25725523161,30946716.701342583,31690555.492362615,559,100,0.9998755867789149,-743838.791020032
530,2015-07-02,73603.90642196215,74520.96776608344,31020320.607764546,31765076.4601287,584,100,0.9876939152615424,-744755.8523641527
531,2015-07-03,73174.24676847561,74351.88025390053,31093494.85453302,31839428.3403826,634,100,0.9841613489611363,-745933.4858495779
532,2015-07-06,75311.93382411386,75125.43689397116,31168806.788357135,31914553.777276568,1097,100,1.002482473817835,-745746.9889194332
533,2015-07-07,75005.62039840159,74430.5144301735,31243812.408755537,31988984.29170674,924,100,1.0077267498771303,-745171.8829512037
534,2015-07-08,75081.96475051885,73924.70712860388,31318894.373506054,32062908.998835344,1055,100,1.0156545445611536,-744014.6253292896
535,2015-07-09,73129.59629289292,74836.13955123066,31392023.96979895,32137745.138386574,1065,100,0.9771962681590558,-745721.168587625
536,2015-07-10,75190.6019517688,74060.70478459304,31467214.57175072,32211805.843171168,1018,100,1.0152563653081899,-744591.271420449
537,2015-07-13,73087.96133113095,75832.79026691895,31540302.533081852,32287638.633438088,886,100,0.9638041943844259,-747336.1003562361
538,2015-07-14,69937.68186771049,72094.55035249368,31610240.214949563,32359733.183790583,341,100,0.9700827805397556,-749492.96884102
539,2015-07-15,72397.52568706356,75949.87457031192,31682637.740636628,32435683.058360893,887,100,0.9532277188955762,-753045.3177242652
540,2015-07-16,73349.17706043186,74419.74042953539,31755986.91769706,32510102.79879043,937,100,0.9856145242791166,-754115.8810933679
541,2015-07-17,74841.50811087973,73925.31604159043,31830828.42580794,32584028.114832018,911,100,1.0123934819402578,-753199.6890240759
542,2015-07-20,72833.52804977859,75604.1354082442,31903661.95385772,32659632.250240263,1109,100,0.9633537591098027,-755970.2963825427
543,2015-07-21,74354.98768494022,75454.50287775547,31978016.94154266,32735086.75311802,1080,100,0.9854281036799543,-757069.8115753606
544,2015-07-22,75563.05451540713,75608.58709948578,32053579.996058065,32810695.340217505,1058,100,0.999397785544931,-757115.3441594392
545,2015-07-23,75360.99255268402,75058.89571586376,32128940.98861075,32885754.235933367,1055,100,1.004024797246736,-756813.247322619
546,2015-07-24,74408.97055744266,74368.75084376916,32203349.959168192,32960122.986777138,1047,100,1.0005408146999537,-756773.027608946
547,2015-07-27,74023.22425827694,75781.8177877577,32277373.18342647,33035904.804564897,942,100,0.9767939912129575,-758531.6211384274
548,2015-07-28,72334.08688937179,71725.40012526322,32349707.27031584,33107630.20469016,643,100,1.0084863488115166,-757922.9343743175
549,2015-07-29,73391.3138248178,73104.65937382773,32423098.58414066,33180734.864063986,581,100,1.003921151585212,-757636.2799233273
550,2015-07-30,73649.52114623439,74295.67508217575,32496748.105286893,33255030.539146163,856,100,0.9913029401075275,-758282.4338592701
551,2015-07-31,74697.00518891044,72890.78566469785,32571445.110475805,33327921.32481086,861,100,1.0247798059486053,-756476.2143350542
